doble	double	adjective				El vestido es de color doble.	The dress is double-colored.
devolver	to return, give back	verb			devuelvo, devuelves, devuelve, devolvemos, devolvéis, devuelven	Ella devuelve el libro a la biblioteca.	She returns the book to the library.
ejercer	to practice, exercise	verb			ejercero, ejerces, ejerce, ejercemos, ejerced, ejercen	Los estudiantes ejercen su derecho a votar.	The students exercise their right to vote.
poseer	to possess, own	verb			poseo, posees, posee, poseemos, poseéis, poseen	Mi abuelo posee una casa en el campo.	My grandfather owns a house in the countryside.
proteger	to protect	verb			protege, proteges, protege, protegemos, protegéis, protegen	Yo protejo mi casa.	I protect my house.
causar	to cause, bring about	verb			causo, causas, causa, causamos, causáis, causan	El ruido causa estrés.	The noise causes stress.
rápidamente	rapidly, quickly	adverb				Corrió rápidamente.	He ran quickly.
determinar	to determine, decide	verb			determino, determinas, determina, determinamos, determináis, determinan	Los científicos determinaron la causa del accidente.	The scientists determined the cause of the accident.
fuerte	strong	adjective				El niño es muy fuerte.	The child is very strong.
escritor	writer	noun	masculine	escritores		El escritor escribe una novela.	The writer is writing a novel.
intento	attempt, try	verb			intento, intentas, intenta, intentamos, intentáis, intentan	Intento hacerlo bien.	I try to do it well.
cobrar	to charge (money)	verb			cobro, cobras, cobra, cobramos, cobráis, cobran	Yo cobro el dinero cada mes.	I collect the money every month.
regla	rule, ruler, regulation	noun	feminine	reglas		La regla es importante para el juego.	The rule is important for the game.
dividir	to divide	verb			divido, divides, divide, dividimos, dividís, dividen	Los niños dividen la tarta entre ellos.	The children divide the cake between them.
riesgo	risk	noun	masculine	riesgos		El riesgo de una enfermedad grave es alto.	The risk of a serious illness is high.
policía	police, police force, police officer	noun	feminine	policías		La policía está investigando el caso.	The police are investigating the case.
inventar	to invent, make up	verb			invento, inventas, inventa, inventamos, inventáis, inventan	Yo invento una nueva forma de hacer las cosas.	I invent a new way of doing things.
estudiante	student	noun	masculine	estudiantes		Los estudiantes están aprendiendo español.	The students are learning Spanish.
plaza	square, marketplace	noun	feminine	plazas		La plaza está llena de gente.	The square is full of people.
limitar	to limit	verb			limitamos, limitas, limita, limitamos, limitáis, limitan	Limitamos el uso de los recursos naturales.	We limit the use of natural resources.
llamada	call, knock	noun	feminine	llamadas		La llamada fue muy corta.	The call was very short.
sensación	sensation, feeling	noun	feminine	sensaciones		La sensación de estar en la playa es maravillosa.	The sensation of being at the beach is wonderful.
enemigo	enemy	noun	masculine	enemigos		Los enemigos se odian.	Enemies hate each other.
unidad	unit, unity	noun	feminine	unidades		La unidad es importante para el éxito.	The unit is important for success.
luchar	to fight, wrestle	verb			lucho, luchas, lucha, luchamos, lucháis, luchan	Los niños luchan por el juguete.	The children are fighting for the toy.
idioma	(specific) language	noun	masculine	idiomas		Los idiomas son importantes para la comunicación.	Languages are important for communication.
raíz	root	noun	femine	raíces		La raíz de la planta es muy profunda.	The root of the plant is very deep.
compromiso	compromise, engagement	noun	masculine	compromisos		El compromiso es importante para la familia.	The commitment is important for the family.
comentario	remark, comment	noun	masculine	comentarios		Los comentarios de la profesora fueron muy interesantes.	The professor's comments were very interesting.
carga	load, charge, cargo	verb			cargo, cargas, carga, cargamos, cargáis, cargan	La carga del equipaje es muy pesada.	The load of the luggage is very heavy.
marido	husband	noun	masculine	maridos		Mi marido me lleva al cine.	My husband takes me to the movies.
quince	fifteen	adjective				Mis amigos tienen quince años.	My friends are fifteen years old.
constante	constant	adjective				La constante de la vida es el cambio.	The constant of life is change.
derecha	right, right hand	adjective				La pared de la derecha está pintada de blanco.	The wall on the right is painted white.
extremo	edge, border, end	adjective	masculine	extremos		Los extremos de la cuerda estaban sueltos.	The ends of the rope were loose.
individuo	individual, person	noun	masculine	individuos		Los individuos deben respetar las leyes.	Individuals must respect the laws.
contenido	contents, content	adjective				El contenido de la caja es muy interesante.	The content of the box is very interesting.
semejante	similar, such, alike	adjective				No hay dos personas semejantes.	There are no two people alike.
obligación	obligation	noun	feminine	obligaciones		Todos tienen la obligación de respetar la ley.	All have the obligation to respect the law.
corte	court (f), cut (m)	noun	masculine	cortes		El corte de la tela es muy preciso.	The cut of the fabric is very precise.
extranjero	foreign, alien	adjective				Los extranjeros visitan la ciudad.	Foreigners visit the city.
total	(sum) total	adjective				Todos los alumnos tienen una calificación total de 10.	All the students have a total grade of 10.
acudir	to attend, go to, frequent	verb			acudo, acudes, acude, acudimos, acudís, acuden	Todos acudimos a la reunión.	We all attended the meeting.
daño	harm, injury, damage	noun	masculine	daños		El daño que causó fue irreparable.	The damage he caused was irreparable.
tarde	late	adverb				Voy a llegar tarde.	I'm going to arrive late.
mensaje	message	noun	masculine	mensajes		El mensaje fue entregado a tiempo.	The message was delivered on time.
analizar	to analyze	verb			analizo, analizas, analiza, analizamos, analizáis, analizan	Analizamos la situación para tomar una decisión.	We analyze the situation to make a decision.
lista	list, roster, roll	noun	feminine	listas		La lista está completa.	The list is complete.
región	region	noun	feminine	regiones		La región es muy hermosa.	The region is very beautiful.
evidente	evident, obvious	adjective				Es evidente que el problema es grave.	It is evident that the problem is serious.
niña	child, young girl	noun	feminine	niñas		La niña está jugando en el parque.	The girl is playing in the park.
culpa	blame, fault	noun	feminine	culpas		La culpa es mía.	The fault is mine.
encargar	to entrust, [se] take charge of	verb			yo encargo, tú encargas, él/ella/usted encarga, nosotros/as encargamos, vosotros/as encargáis, ellos/ellas/ustedes encargan	Yo encargo una pizza para la cena.	I order a pizza for dinner.
discusión	discussion, argument	noun	feminine	discusiones		La discusión fue muy interesante.	The discussion was very interesting.
pelo	hair	noun	masculine	pelo, pelos		El pelo de mi hermano es muy largo.	My brother's hair is very long.
destinar	to assign, appoint	verb			destino, destinas, destina, destinamos, destináis, destinan	El gobierno destina fondos para la educación.	The government allocates funds for education.
comparar	to compare	verb			comparo, comparas, compara, comparamos, comparáis, comparan	Vamos a comparar los precios.	We are going to compare the prices.
celebrar	to celebrate	verb			celebraré, celebrarás, celebrará, celebraremos, celebraréis, celebrarán	Vamos a celebrar el cumpleaños de mi hermano.	We are going to celebrate my brother's birthday.
fe	faith	adjective				Ella es muy fe.	She is very faithful.
fijo	fixed, steady	adjective				El precio es fijo.	The price is fixed.
central	central	adjective				El edificio central es muy grande.	The central building is very big.
referencia	reference, allusion	noun	feminine	referencias		La referencia es una buena herramienta para encontrar información.	The reference is a good tool to find information.
sur	south	verb			sur-sur-surs-suramos-suráis-suren	El sur es muy hermoso.	The south is very beautiful.
gesto	gesture	noun	masculine	gestos		El gesto de ella fue muy amable.	Her gesture was very kind.
perspectiva	perspective	noun	feminine	perspectivas		La perspectiva de la vida es diferente para cada persona.	The perspective of life is different for each person.
preparado	prepared	adjective				Está preparado para la prueba.	He is prepared for the test.
sonar	to sound, ring	verb			yo sono, tú suenas, él/ella suena, nosotros/as sonamos, vosotros/as sonáis, ellos/ellas suenan	El sonido suena muy bien.	The sound sounds very good.
manifestar	to express, show	verb			manifestaré, manifestarás, manifestará, manifestaremos, manifestaréis, manifestarán	Los manifestantes exigieron justicia.	The protesters demanded justice.
controlar	to control	verb			controlo, controlas, controla, controlamos, controláis, controlan	Los niños controlan la situación.	The children are controlling the situation.
saltar	to jump, leap, hop	verb			salto, saltas, salta, saltamos, saltáis, saltan	Él salta sobre la cama.	He jumps on the bed.
acaso	by chance, maybe	adverb				¿Acaso no lo viste?	Didn't you see it?
colegio	(high) school, college	noun	masculine	colegios		El colegio está cerca de mi casa.	The school is close to my house.
inmenso	immense, vast, huge	adjective				El mar es inmenso.	The sea is immense.
venta	sale	noun	feminine	ventas		La venta fue exitosa.	The sale was successful.
documento	document	noun	masculine	documentos		El documento es importante para el trabajo.	The document is important for the job.
citar	to cite, quote	verb			cito, citas, cita, cita, citamos, citais, citan	Cito a mi abuela todos los días.	I cite my grandmother every day.
televisión	TV, television	noun	feminine	televisiónes		La televisión es una forma de entretenimiento.	Television is a form of entertainment.
chico	boy	adjective				El chico es muy simpático.	The boy is very nice.
novela	novel	noun	feminine	novelas		Ella lee una novela cada semana.	She reads a novel every week.
requerir	to require	verb			requiero, requieres, requiere, requerimos, requerís, requieren	El gobierno requiere una respuesta inmediata.	The government requires an immediate response.
moral	moral	adjective				La moral es importante para la vida.	Morality is important for life.
alcance	reach, scope	verb			alcanzaré, alcanzarás, alcanzará, alcanzaremos, alcanzaréis, alcanzarán	Alcanzaré el éxito.	I will reach success.
curioso	curious, strange	adjective				Él es muy curioso.	He is very curious.
crisis	crisis	noun	femenine	crisis		La crisis económica ha afectado a muchas familias.	The economic crisis has affected many families.
fundamental	fundamental	adjective				Es fundamental para el éxito.	It is fundamental for success.
incorporar	to incorporate, include	verb			incorporo, incorporas, incorpora, incorporamos, incorporáis, incorporan	La empresa incorporará nuevos empleados.	The company will incorporate new employees.
presente	present, current	adjective				Ella siempre está presente.	She is always present.
máximo	maximum	adjective				Es el máximo exponente de la cultura.	He is the highest exponent of culture.
literatura	literature	noun	feminine	literaturas		La literatura española es muy interesante.	Spanish literature is very interesting.
batalla	battle	noun	feminine	batallas		La batalla fue difícil.	The battle was difficult.
europeo	european	adjective				Los europeos son muy cultos.	Europeans are very cultured.
dueño	owner, landlord (m)	noun	masculine	dueños		El dueño de la casa es muy amable.	The owner of the house is very kind.
perseguir	to persecute, pursue, chase	verb			perseguiré, perseguirás, perseguirá, perseguiremos, perseguiréis, perseguirán	Él perseguirá a los ladrones.	He will pursue the thieves.
vecino	neighbor	noun	masculine	vecinos		Mi vecino es muy amable.	My neighbor is very kind.
sector	sector, area, section	noun	masculine	sectores		El sector de la construcción está creciendo.	The construction sector is growing.
pintura	painting, paint	noun	feminine	pinturas		La pintura es una forma de arte.	Painting is a form of art.
accidente	accident, irregularity	noun	masculine	accidentes		El accidente fue muy grave.	The accident was very serious.
oficial	official, authorized	adjective				El oficial de policía está aquí.	The police officer is here.
procurar	to try, seek	verb			procuro, procuras, procura, procuramos, procuráis, procuran	Intentamos procurar una solución.	We try to find a solution.
numeroso	numerous	adjective				Los estudiantes son numerosos.	The students are numerous.
influencia	influence	noun	feminine	influencias		La influencia de la tecnología en la sociedad es cada vez mayor.	The influence of technology on society is increasing more and more.
intelectual	intellectual	adjective				Los intelectuales son muy respetados.	Intellectuals are very respected.
empleado	employee	noun	masculine	empleados		El empleado trabaja en la oficina.	The employee works in the office.
casar	to marry	verb			yo caso, tú casas, él/ella casa, nosotros/as casamos, vosotros/as casáis, ellos/ellas casan	Ellos se casaron el año pasado.	They got married last year.
prácticamente	practically	adverb				Prácticamente todos los días salgo a caminar.	Practically every day I go for a walk.
moneda	coins, currency	noun	feminine	monedas		La moneda es una forma de pago.	The coin is a form of payment.
facilidad	ease, facility	adjective				La facilidad con la que lo hizo me sorprendió.	The ease with which he did it surprised me.
matrimonio	marriage, married couple	noun	masculine	matrimonios		Los matrimonios felices son una bendición.	The happy marriages are a blessing.
escaso	scarce, very little	adjective				El alimento es escaso en esta zona.	The food is scarce in this area.
iglesia	church	noun	feminine	iglesias		La iglesia está abierta los domingos.	The church is open on Sundays.
ayer	yesterday	adverb				Ayer fui al parque.	Yesterday I went to the park.
oficina	office	noun	feminine	oficinas		La oficina está cerrada.	The office is closed.
cristiano	Christian	adjective				Los cristianos son personas de buen corazón.	Christians are people of good heart.
institución	institution	noun	feminine	instituciones		La institución ofrece muchos servicios.	The institution offers many services.
someter	to subject	verb			someto, sometes, somete, sometemos, sometéis, someten	Los estudiantes someten sus trabajos a la profesora.	The students submit their work to the professor.
fundar	to found, base	verb			fundo, fundas, funda, fundamos, fundáis, fundan	El presidente fundó una nueva escuela.	The president founded a new school.
seguro	safe, sure, secure	adjective				Es seguro que lo haré.	It is certain that I will do it.
intenso	intense, acute	adjective				El día fue muy intenso.	The day was very intense.
domingo	Sunday	noun	masculine	domingos		Los domingos salgo a pasear con mis amigos.	I go for a walk with my friends on Sundays.
reacción	reaction	noun	femenino	reacciones		La reacción fue inmediata.	The reaction was immediate.
elevar	to elevate, raise	verb			elevo, elevas, eleva, elevamos, eleváis, elevan	Los bomberos elevaron la escalera para rescatar al niño.	The firefighters raised the ladder to rescue the child.
cantar	to sing	verb			canto, cantas, canta, cantamos, cantáis, cantan	Él canta una canción.	He sings a song.
acontecimiento	event, happening	noun	masculine	acontecimientos		Los acontecimientos de la semana pasada fueron muy interesantes.	The events of last week were very interesting.
costa	coast	noun	feminine	costas		La costa de la isla es hermosa.	The coast of the island is beautiful.
peligroso	dangerous	adjective				El coche es muy peligroso.	The car is very dangerous.
lento	slow	adjective				El niño camina lento.	The child walks slowly.
método	method	noun	masculine	métodos		El método que usamos es muy eficaz.	The method we use is very effective.
comunidad	community	noun	feminine	comunidades		La comunidad es una unión de personas.	The community is a union of people.
coche	car, carriage	noun	masculine	coches		El coche está aparcado en la calle.	The car is parked on the street.
asumir	to assume, take on	verb			asumo, asumes, asume, asumimos, asumís, asumen	Ella asume la responsabilidad.	She assumes the responsibility.
aclarar	to clarify, clear up	verb			yo aclaro, tú aclaras, él/ella aclara, nosotros/as aclaramos, vosotros/as aclaráis, ellos/ellas aclaran	Aclararé la situación.	I will clarify the situation.
arrastrar	to drag, pull	verb			arrastra, arrastras, arrastra, arrastramos, arrastráis, arrastran	Los niños arrastran sus juguetes por el parque.	The children drag their toys through the park.
página	page	noun	fem	páginas		La página web es muy interesante.	The website page is very interesting.
declarar	to declare, testify	verb			declaro, declaras, declara, declaramos, declaráis, declaran	Declararé mi amor por ti.	I will declare my love for you.
frecuencia	frequency	noun	feminine	frecuencias		La frecuencia de los trenes es muy alta.	The frequency of the trains is very high.
conclusión	conclusion, end	noun	feminine	conclusiones		La conclusión de la reunión fue satisfactoria.	The conclusion of the meeting was satisfactory.
escena	scene, stage, setting	noun	feminine	escenas		La escena es muy interesante.	The scene is very interesting.
falso	false	adjective				Este cuadro es falso.	This painting is false.
estructura	structure	noun	feminine	estructuras		La estructura de la casa es moderna.	The structure of the house is modern.
beneficio	benefit, profit	noun	masculine	beneficios		Los beneficios de la educación son muchos.	The benefits of education are many.
alimento	food, nourishment	noun	masculine	alimentos		El alimento es necesario para la vida.	Food is necessary for life.
tranquilo	calm, tranquil, relaxed	adjective				Él siempre es tranquilo.	He is always calm.
velocidad	speed, velocity	noun	feminine	velocidades		La velocidad de la luz es muy rápida.	The speed of light is very fast.
barrio	neighborhood, district	noun	masculine	barrios		Los vecinos del barrio se conocen entre sí.	The neighbors of the neighborhood know each other.
nombrar	to name, appoint	verb			yo nombró, tú nombras, él/ella/usted nombró, nosotros/as nombramos, vosotros/as nombráis, ellos/ellas/ustedes nombraron	Nombraré a mi hermano como el heredero de mi fortuna.	I will name my brother as the heir of my fortune.
análisis	analysis	noun	masculine	análisis		El análisis de la situación es importante.	The analysis of the situation is important.
confundir	to confuse	verb			confundo, confundes, confunde, confundimos, confundís, confunden	No confundas la verdad con la mentira.	Do not confuse the truth with the lie.
frontera	border, frontier	noun	feminine	fronteras		La frontera entre México y Estados Unidos es muy vigilada.	The border between Mexico and the United States is very well guarded.
describir	to describe	verb			describo, describes, describe, describimos, describís, describen	Él describe la situación.	He describes the situation.
lejano	distant	adjective				El paisaje lejano es hermoso.	The distant landscape is beautiful.
breve	brief, short	adjective				Es una breve descripción.	It is a brief description.
temor	fear	noun	masculine	temores		El temor me paraliza.	Fear paralyzes me.
calcular	to calculate, figure out	verb			calculo, calculas, calcula, calculamos, calculáis, calculan	Yo calculo el resultado.	I calculate the result.
conformar	to conform	verb			conformo, conformas, conforma, conformamos, conformáis, conforman	Los estudiantes conforman una comunidad.	The students form a community.
ataque	attack, raid	noun	masculine	ataques		El ataque fue repentino.	The attack was sudden.
pintar	to paint	verb			pintar-o, pintar-as, pintar-a, pintar-amos, pintar-áis, pintar-an	Él pinta un cuadro.	He paints a painting.
cine	cinema, US movie theater	noun	masculine	cines		Voy al cine con mis amigos.	I'm going to the movies with my friends.
rama	branch, bough, limb	noun	feminine	ramas		La rama de un árbol se balanceaba con el viento.	The branch of a tree was swaying in the wind.
repartir	to divide, deliver, distribute	verb			reparto, repartes, reparte, repartimos, repartís, reparten	Los niños reparten los caramelos entre ellos.	The children are sharing the candy between them.
comienzo	start, beginning	verb			comienzo, comienzas, comienza, comenzamos, comenzáis, comienzan	Ella comienza a leer el libro.	She starts to read the book.
exterior	exterior, outside	adjective				El exterior de la casa es muy bonito.	The exterior of the house is very nice.
barco	boat, ship	noun	masculine	barcos		El barco navega por el mar.	The boat sails across the sea.
partida	game, match, departure	noun	feminine	partidas		La partida de ajedrez fue muy divertida.	The chess game was very fun.
hallar	to find (out)	verb			hallo, hallas, halla, hallamos, halláis, hallan	Yo hallo una solución.	I find a solution.
ordenar	to put in order, organize	verb			yo ordeno, tú ordenas, él/ella/usted ordena, nosotros/as ordenamos, vosotros/as ordenáis, ellos/ellas/ustedes ordenan	Yo ordeno mi habitación cada semana.	I order my room every week.
aparato	apparatus, device	noun	masculine	aparatos		El aparato es muy moderno.	The device is very modern.
convencer	to convince, persuade	verb			convenzo, convences, convence, convencemos, convencéis, convencen	Intenté convencer a mi hermano de que me ayudara.	I tried to convince my brother to help me.
médico	medical	noun	masculine	médicos		El médico recomienda una dieta saludable.	The doctor recommends a healthy diet.
extranjero	foreigner	adjective				Los extranjeros visitaron la ciudad.	The foreigners visited the city.
cámara	camera, chamber	noun	feminine	cámaras		La cámara está en la mesa.	The camera is on the table.
creación	creation	noun	feminine	creaciones		La creación de una obra de arte es una tarea difícil.	The creation of a work of art is a difficult task.
rodear	to surround	verb			rodear-yo rodeo, tú rodeas, él/ella rodea, nosotros/as rodeamos, vosotros/as rodeáis, ellos/ellas rodean	Los niños rodean la casa.	The children surround the house.
ajeno	not belonging to, detached	adjective				No quiero nada ajeno.	I don't want anything foreign.
reflejar	to reflect	verb			refleja, reflejas, refleja, reflejamos, reflejáis, reflejan	El espejo refleja la luz.	The mirror reflects the light.
gana	desire	verb			gano, ganas, gana, ganamos, ganáis, ganan	Ella gana el premio.	She wins the prize.
seco	dry, arid	adjective	masculine	secos		El pastel está muy seco.	The cake is very dry.
quinto	fifth	adjective				El quinto día fue el mejor.	The fifth day was the best.
moda	fashion, form	noun	feminine	modas		La moda es una forma de expresión.	Fashion is a form of expression.
absolutamente	absolutely, completely	adverb				Absolutamente no puedo creerlo.	Absolutely I cannot believe it.
rechazar	to reject	verb			rechazo, rechazas, rechaza, rechazamos, rechazáis, rechazan	El profesor rechazó la propuesta.	The professor rejected the proposal.
contribuir	to contribute	verb			contribuyo, contribuyes, contribuye, contribuimos, contribuís, contribuyen	Todos contribuimos para mejorar el mundo.	We all contribute to improve the world.
ruido	noise	noun	masculine	ruidos		El ruido es muy alto.	The noise is very loud.
cama	bed (furniture)	noun	feminine	camas		La cama es muy cómoda.	The bed is very comfortable.
infantil	of children, childlike, infantile	adjective				Los juegos infantiles son divertidos.	Children's games are fun.
técnica	technique, skill	noun	feminine	técnicas		La técnica es muy importante para el trabajo.	The technique is very important for the job.
consejo	advice, council, counsel	noun	masculine	consejos		El consejo de los ancianos es muy importante.	The advice of the elders is very important.
internacional	international	adjective				El equipo es internacional.	The team is international.
violencia	violence	noun	feminine	violencias		La violencia es una forma de abuso.	Violence is a form of abuse.
original	original	adjective				Es una obra de arte original.	It is an original work of art.
sonido	sound	noun	masculine	sonidos		El sonido de la música es muy agradable.	The sound of the music is very pleasant.
vencer	to overcome, conquer	verb			yo venzo, tú vences, él/ella/usted vence, nosotros/as vencemos, vosotros/as vencéis, ellos/ellas/ustedes vencen	Los soldados vencieron al enemigo.	The soldiers defeated the enemy.
estrella	star	noun	feminine	estrellas		La estrella brillaba en el cielo.	The star was shining in the sky.
útil	useful	adjective				Es útil para muchas cosas.	It is useful for many things.
alejar	to move away	verb			alejo, alejas, aleja, alejamos, alejáis, alejan	Él aleja el perro del parque.	He is keeping the dog away from the park.
mirada	gaze, look	noun	feminine	miradas		Ella me mira con una mirada tierna.	She looks at me with a tender look.
tremendo	tremendous, dreadful, huge	adjective				Este lugar es tremendo.	This place is tremendous.
cuándo	when?	adverb				¿Cuándo vamos al parque?	When are we going to the park?
temprano	early	adverb				Salgo temprano para llegar a tiempo.	I leave early to arrive on time.
pierna	leg	noun	feminine	piernas		La niña levantó la pierna.	The girl lifted her leg.
transmitir	to transmit, broadcast	verb			transmito, transmites, transmite, transmitimos, transmitís, transmiten	Los estudiantes transmiten sus conocimientos a sus compañeros.	The students transmit their knowledge to their peers.
marchar	to go, leave, march	verb			él/ella marcha, nosotros/as marchamos, vosotros/as marcháis, ellos/ellas marchan	Ella marcha a la escuela todos los días.	She walks to school every day.
hambre	hunger, starvation	noun	feminine	hambras		Tengo mucha hambre.	I'm very hungry.
placer	pleasure	noun	masculine	placeres		Me da mucho placer conocerte.	I'm very pleased to meet you.
profesión	profession, occupation	noun	feminine	profesiones		La profesión de Juan es abogado.	Juan's profession is lawyer.
destruir	to destroy, ruin	verb			destruyo, destruyes, destruye, destruimos, destruís, destruyen	El niño destruyó el castillo de arena.	The child destroyed the sand castle.
separado	separate	adjective				Mis hermanos están separados.	My brothers are separated.
opinar	to think, be of the opinion	verb			yo opino, tú opinas, él/ella/usted opina, nosotros/as opinamos, vosotros/as opináis, ellos/ellas/ustedes opinan	Los alumnos opinan que la clase es interesante.	The students think that the class is interesting.
objetivo	objective	adjective				Mi objetivo es ser feliz.	My goal is to be happy.
honor	honor, honesty	noun	masculine	honores		El honor es una virtud importante.	Honor is an important virtue.
montaña	mountain	noun	fem	montañas		La montaña es hermosa.	The mountain is beautiful.
cometer	to commit	verb			cometo, cometes, comete, cometemos, cometéis, cometen	No cometas errores.	Don't make mistakes.
lógico	logical	adjective				Es lógico que lo haga.	It is logical that he does it.
instante	instant, moment	noun	masculine	instantes		En este instante, estoy escribiendo una respuesta.	At this moment, I am writing an answer.
viento	wind, scent	noun	masculine	vientos		El viento sopla con fuerza.	The wind is blowing strongly.
lluvia	rain	noun	feminine	lluvias		La lluvia cae sobre la ciudad.	The rain is falling over the city.
ejército	army	noun	masculine	ejércitos		El ejército defiende el país.	The army defends the country.
trasladar	to move, transfer	verb			trasladaré, trasladarás, trasladará, trasladaremos, trasladaréis, trasladarán	Vamos a trasladar la mesa a la sala.	We are going to move the table to the living room.
tren	train, convoy	noun	masculine	trenes		El tren llega a la estación a las 8 de la mañana.	The train arrives at the station at 8 in the morning.
concluir	to conclude, finish	verb			concluyo, concluyes, concluye, concluimos, concluís, concluyen	Vamos a concluir la reunión.	We are going to conclude the meeting.
círculo	circle, club	noun	masculine	círculos		Los círculos se unen para formar una figura.	The circles join together to form a figure.
auténtico	authentic	adjective				Este plato es auténtico.	This dish is authentic.
hermoso	beautiful, lovely	adjective				La casa es hermosa.	The house is beautiful.
oponer	to oppose	verb			opongo, opones, opone, oponemos, oponéis, oponen	Los estudiantes oponen resistencia a la nueva ley.	The students oppose resistance to the new law.
ventaja	advantage, benefit	noun	fem	ventajas		La ventaja de este producto es su precio.	The advantage of this product is its price.
figurar	to appear, represent, figure (in)	verb			figuro, figuramos, figuráis, figuran	Los actores figuran en la película.	The actors appear in the movie.
terrible	terrible	adjective				Es terrible que no tengamos vacaciones.	It's terrible that we don't have vacations.
isla	island	noun	fem	islas		La isla es hermosa.	The island is beautiful.
torno	en torno a: about, regarding	noun	masculine	tornos		El torno es una herramienta muy útil.	The lathe is a very useful tool.
sentado	seated	adjective				Él está sentado en el sofá.	He is sitting on the sofa.
amistad	friendship	noun	feminine	amistades		Mi amistad con mi mejor amigo es muy importante para mí.	My friendship with my best friend is very important to me.
concentrar	to concentrate	verb			concentro, concentras, concentra, concentramos, concentráis, concentran	Los estudiantes se concentran para el examen.	The students concentrate for the exam.
correcto	correct, suitable	adjective				Es correcto que lo hagas.	It is correct that you do it.
mañana	tomorrow	adverb				Voy a la playa mañana.	I'm going to the beach tomorrow.
cadena	chain	noun	feminine	cadenas		La cadena de montañas es muy larga.	The mountain chain is very long.
político	politician	adjective				Los políticos son muy interesantes.	Politicians are very interesting.
rey	king	noun	masculine	reyes		El rey es el líder del país.	The king is the leader of the country.
permanente	permanent	adjective				El trabajo es permanente.	The job is permanent.
ánimo	zest, spirit, heart	noun	masculine	ánimos		Anímate, tienes el ánimo necesario para lograrlo.	Cheer up, you have the courage necessary to achieve it.
trato	treatment, manner, agreement	noun	masculine	tratos		El trato que recibí fue muy bueno.	The treatment I received was very good.
ejercicio	exercise, practice	noun	masculine	ejercicios		El ejercicio es importante para la salud.	The exercise is important for health.
organización	organization	noun	feminine	organizaciones		La organización trabaja para mejorar la educación.	The organization works to improve education.
agosto	August	noun	masculine	agostos		En agosto hace mucho calor.	In August it is very hot.
secretario	secretary	noun	masculine	secretarios		El secretario trabaja en la oficina.	The secretary works in the office.
norteamericano	North American	adjective				Los norteamericanos son muy amables.	The Americans are very friendly.
ignorar	to be unaware	verb			ignoro, ignoras, ignora, ignoramos, ignoráis, ignoran	Ignoro las reglas.	I ignore the rules.
dedo	finger, toe, digit	noun	masculine	dedos		El niño levantó el dedo para preguntar algo.	The boy raised his finger to ask something.
gasto	expense, expenditure	noun	masculine	gastos		El gasto de la boda fue muy alto.	The cost of the wedding was very high.
café	coffee, café	noun	masculine	cafés		El café es muy bueno.	The coffee is very good.
diálogo	dialogue, conversation	noun	masculine	dialogos		Los estudiantes tienen un diálogo sobre el tema.	The students have a dialogue about the topic.
dudar	to (have) doubt	verb			dudo, dudas, duda, dudamos, dudáis, dudan	No dudo de que tengas razón.	I don't doubt that you are right.
comercial	commercial, shopping	adjective				El anuncio comercial fue muy divertido.	The commercial advertisement was very funny.
discurso	lecture, discourse, talk	noun	masculine	discursos		El discurso fue muy interesante.	The speech was very interesting.
obligado	obliged, required	adjective				Él está obligado a cumplir con su deber.	He is obliged to fulfill his duty.
hermana	sister	noun	feminine	hermanas		Mi hermana es muy amable.	My sister is very kind.
descansar	to rest	verb			yo descanso, tú descansas, él/ella descansa, nosotros/as descansamos, vosotros/as descansáis, ellos/ellas descansan	Los niños descansan después de la escuela.	The children rest after school.
caja	bank, box, safe	noun	feminine	cajas		La caja está llena de libros.	The box is full of books.
juez	judge	noun	masculine	jueces		El juez dicta la sentencia.	The judge dictates the sentence.
particular	particular, detail, individual	adjective				Este particular libro es muy interesante.	This particular book is very interesting.
americano	American	adjective				Los americanos son muy amables.	Americans are very friendly.
poeta	poet	noun	masculine	poetas		El poeta escribe poesía.	The poet writes poetry.
sorpresa	surprise	noun	feminine	sorpresas		La sorpresa fue muy grande.	The surprise was very big.
ventana	window	noun	feminine	ventanas		La ventana está abierta.	The window is open.
característica	characteristic, aspect	noun	feminine	características		La característica principal de este producto es su durabilidad.	The main characteristic of this product is its durability.
adopter	to adopt	verb			adopto, adoptes, adopte, adoptons, adoptez, adoptent	Ellos adoptan un perro.	They adopt a dog.
arrancar	to start (machine), uproot	verb			yo arrancó, tú arrancas, él/ella arranca, nosotros/as arrancamos, vosotros/as arrancáis, ellos/ellas arrancan	Ella arrancó el coche.	She started the car.
disfrutar	to enjoy	verb			yo disfruto, tú disfrutas, él/ella disfruta, nosotros/as disfrutamos, vosotros/as disfrutáis, ellos/ellas disfrutan	Ella disfruta de la vida.	She enjoys life.
práctico	practical, skillful	adjective				Este curso es muy práctico.	This course is very practical.
suma	sum, amount, summary	noun	feminine	suma(s)		La suma de los números es 10.	The sum of the numbers is 10.
molestar	to bother, disturb, upset	verb			molestar, molestas, molesta, molestamos, molestáis, molestan	No me gusta que me molesten.	I don't like it when they bother me.
excelente	excellent	adjective				Mi trabajo es excelente.	My work is excellent.
volumen	volume	noun	masculine	volúmenes		El volumen de la música es demasiado alto.	The volume of the music is too high.
estación	station, season	noun	feminine	estaciones		La estación de trenes está cerca.	The train station is close.
atrever	to dare	verb			yo atrevo, tú atreves, él/ella/usted atreve, nosotros/as atrevemos, vosotros/as atrevéis, ellos/ellas/ustedes atreven	Me atrevo a decir que está equivocado.	I dare to say that he is wrong.
cultural	cultural	adjective				La cultura es muy importante.	Culture is very important.
complejo	complex, complicated	adjective				Este problema es muy complejo.	This problem is very complex.
argumento	argument, plot	noun	masculine	argumentos		El argumento de la película es interesante.	The argument of the movie is interesting.
categoría	category	noun	feminine	categorías		La categoría de los productos es muy amplia.	The category of the products is very wide.
plata	silver, money	noun	feminine	plata(s)		La plata es un metal precioso.	Silver is a precious metal.
conflicto	conflict	noun	masculine	conflictos		El conflicto entre los vecinos es cada vez mayor.	The conflict between the neighbors is getting bigger and bigger.
avión	plane, airplane, aircraft	noun	masculine	aviónes		El avión vuela por el cielo.	The plane flies through the sky.
débil	weak	adjective				El niño es muy débil.	The child is very weak.
ropa	clothes, clothing	noun	feminine	ropas		Mi hermana compra mucha ropa.	My sister buys a lot of clothes.
examen	examination, exam	noun	masculine	exámenes		El examen fue difícil.	The exam was difficult.
habitante	inhabitant	noun	masculine	habitantes		Los habitantes de la ciudad disfrutan de la vida.	The inhabitants of the city enjoy life.
acerca	about, concerning	verb			acercarse, acercas, acerca, acercamos, acercáis, acercan	Él se acerca a la puerta.	He approaches the door.
ceder	to give way, yield	verb			cedo, cedes, cede, cedemos, cedéis, ceden	Los vecinos ceden el terreno para construir un parque.	The neighbors cede the land to build a park.
justicia	justice, fairness	noun	feminine	justicias		La justicia es importante para la sociedad.	Justice is important for society.
independiente	independent, self-sufficient	adjective				Los estudiantes son independientes.	The students are independent.
criterio	criterion	noun	masculine	criterios		Los profesores tienen que tomar un criterio para evaluar a los estudiantes.	The teachers have to take a criterion to evaluate the students.
atraer	to attract	verb			atraigo, atraes, atrae, atraemos, atraéis, atraen	Los niños atraen la atención de todos.	The children attract everyone's attention.
convencido	convinced, persuaded	adjective				Estoy convencido de que tengo razón.	I am convinced that I am right.
plazo	deadline, installment	noun	masculine	plazos		El plazo para entregar el trabajo es el viernes.	The deadline to submit the work is Friday.
pendiente	aware of, pending	adjective				Tengo muchas cosas pendientes.	I have many things pending.
kilómetro	kilometer	noun	masculine	kilómetros		El kilómetro es una unidad de medida.	The kilometer is a unit of measurement.
hospital	hospital	noun	masculine	hospitales		El hospital está cerca de la estación de tren.	The hospital is close to the train station.
satisfacción	satisfaction	noun	feminine	satisfacciones		La satisfacción de mi madre es mi prioridad.	My mother's satisfaction is my priority.
acumular	to accumulate, amass	verb			acumulo, acumulas, acumula, acumulamos, acumuláis, acumulan	Los estudiantes acumulan conocimientos.	The students accumulate knowledge.
desconocido	unknown	adjective				Ella es una mujer desconocida.	She is an unknown woman.
practicar	to practice	verb			yo practico, tú practicas, él/ella/usted practica, nosotros/as practicamos, vosotros/as practicáis, ellos/ellas/ustedes practican	Mis amigos y yo practicamos deportes todos los fines de semana.	My friends and I practice sports every weekend.
gozar	to enjoy	verb			gozo, gozas, goza, gozamos, gozáis, gozan	Mis amigos y yo gozamos de la fiesta.	My friends and I enjoyed the party.
muchísimo	great many, great amount	adverb				Ella habla muchísimo.	She talks a lot.
sesenta	sixty	adjective				Tengo sesenta años.	I have sixty years.
silla	chair, seat	noun	feminine	sillas		La silla es muy cómoda.	The chair is very comfortable.
justificar	to justify, excuse	verb			justifico, justificas, justifica, justificamos, justificáis, justifican	El abogado justificó su decisión.	The lawyer justified his decision.
tradicional	traditional	adjective				Los alimentos tradicionales son muy sabrosos.	Traditional foods are very tasty.
soportar	to endure, stand (something)	verb			soporto, soportas, soporta, soportamos, soportáis, soportan	Él soporta el dolor con valentía.	He endures the pain bravely.
juventud	youth	noun	feminine	juveniles		La juventud es el futuro de la humanidad.	Youth is the future of humanity.
resistir	to resist, endure	verb			resisto, resistes, resiste, resistimos, resistís, resisten	Los niños resisten la tentación de comer dulces.	The children resist the temptation to eat sweets.
aparte	apart, aside, separately	adverb				Aparte de eso, no hay nada más que decir.	Apart from that, there is nothing else to say.
triste	sad, unhappy	adjective				Ella está triste.	She is sad.
acceso	access, entry	noun	masculine	accesos		El acceso a la biblioteca es gratuito.	The access to the library is free.
marco	frame, mark, setting	noun	masculine	marcos		El marco de la puerta está roto.	The frame of the door is broken.
vestir	to wear, dress	verb			él/ella viste, tú vistes, él/ella viste, nosotros vestimos, vosotros vestís, ellos/ellas visten	Ella se viste todos los días.	She gets dressed every day.
prensa	press	noun	feminine	prensas		La prensa habla de la crisis.	The press talks about the crisis.
excepción	exception	noun	feminine	excepciones		La excepción a la regla es muy importante.	The exception to the rule is very important.
sorprender	to surprise	verb			él/ella sorprende, nosotros/nosotras sorprendemos, ellos/ellas sorprenden	Mi hermano me sorprendió con un regalo.	My brother surprised me with a gift.
ausencia	absence	noun	feminine	ausencias		La ausencia de mi hermano me entristece.	The absence of my brother saddens me.
proceder	to proceed, start	verb			procedo, procedes, procede, procedemos, procedéis, proceden	Debemos proceder con cuidado.	We must proceed with caution.
condenar	to convict, condemn	verb			condeno, condenas, condena, condenamos, condenáis, condenan	El juez condenó al ladrón.	The judge condemned the thief.
sombra	shade, shadow	noun	feminine	sombras		La sombra de la casa es muy grande.	The shadow of the house is very big.
similar	similar	adjective				Los dos libros son muy similares.	The two books are very similar.
consumir	to consume, take in	verb			consumo, consumes, consume, consumimos, consumís, consumen	Los niños consumen mucha fruta.	The children consume a lot of fruit.
sugerir	to suggest, hint at	verb			sugiero, sugieres, sugiere, sugerimos, sugerís, sugieren	Sugiero que vayamos al cine.	I suggest that we go to the movies.
activo	active	adjective				El niño es muy activo.	The child is very active.
clásico	classic	adjective				Es un clásico de la literatura.	It is a classic of literature.
profundidad	depth, profundity	noun	feminine	profundidades		La profundidad del mar es impresionante.	The depth of the sea is impressive.
conceder	to grant, concede	verb			concedo, concedes, concede, concedemos, concedéis, conceden	El gobierno concede ayuda a los damnificados.	The government grants aid to the victims.
reciente	recent	adjective				Ella usa una camisa reciente.	She is wearing a recent shirt.
eléctrico	electric	adjective				El coche eléctrico es muy moderno.	The electric car is very modern.
leche	milk	noun	feminine	las		Tomo un vaso de leche todos los días.	I take a glass of milk every day.
consideración	consideration, regard	noun	feminine	consideraciones		Tengo mucha consideración por mi abuela.	I have a lot of consideration for my grandmother.
componer	to compose, be part of	verb			composé, compones, compone, componemos, componéis, componen	Ella compone una canción.	She composes a song.
premio	prize, reward	noun	masculine	premios		Gané un premio en el concurso.	I won a prize in the contest.
bello	beautiful, fine	adjective				Su casa es muy bella.	His house is very beautiful.
nacimiento	birth, origin	noun	masculine	nacimientos		El nacimiento de la niña fue un momento muy especial.	The birth of the girl was a very special moment.
invierno	winter	noun	masculine	inviernos		En invierno hace mucho frío.	In winter it is very cold.
diciembre	December	noun	masculine	diciembrees		En diciembre hace mucho frío.	In December it is very cold.
brillante	brilliant, shiny, sparkling	adjective				El sol brillante iluminaba la habitación.	The shining sun illuminated the room.
comportamiento	behavior, conduct	noun	masculine	comportamientos		Los comportamientos de los estudiantes son importantes.	The behavior of the students is important.
crítica	criticism, critique	adjective				La crítica fue muy dura.	The criticism was very harsh.
femenino	feminine, female	adjective				La mujer es femenina.	The woman is feminine.
fuego	fire, gunfire	noun	masculine	fuegos		El fuego arde con mucha intensidad.	The fire burns with great intensity.
tendencia	tendency, style	noun	feminine	tendencias		La tendencia de la moda es cambiante.	The fashion trend is changing.
fino	fine, delicate	adjective				El vino es muy fino.	The wine is very fine.
norma	standard, pattern, norm	noun	feminine	normas		La norma es importante para el desarrollo de la sociedad.	The norm is important for the development of society.
inferior	lower, inferior	adjective				El producto inferior no es de buena calidad.	The inferior product is not of good quality.
arreglar	to fix, arrange	verb			arreglo, arreglas, arregla, arreglamos, arregláis, arreglan	Ella arregla su casa todos los días.	She fixes her house every day.
rueda	wheel	noun	feminine	ruedas		La rueda gira alrededor del eje.	The wheel turns around the axle.
puente	bridge	noun	masculine	puentes		El puente es muy antiguo.	The bridge is very old.
animar	to cheer up	verb			animo, animas, anima, animamos, animáis, animan	Él anima a sus amigos a seguir adelante.	He encourages his friends to keep going.
rasgo	feature, trait	noun	masculine	rasgos		Los rasgos de su cara eran muy similares.	The features of his face were very similar.
positivo	positive	adjective				Todos los resultados son positivos.	All the results are positive.
cuento	story, tale	noun	masculine	cuentos		El cuento es muy interesante.	The story is very interesting.
definitivamente	definitely, finally	adverb				Definitivamente, no quiero ir.	Definitely, I don't want to go.
signo	sign, mark, symbol	noun	masculine	signos		Los signos de la calle indican el camino a seguir.	The signs on the street indicate the way to follow.
señal	sign, mark, token	noun	feminine	señales		La señal de tráfico indica que hay que parar.	The traffic sign indicates that you have to stop.
apuntar	to point, note, aim	verb			apuntar-o, apuntas-as, apunta-a, apuntamos, apuntáis, apuntan	Ella apunta la respuesta correcta.	She points out the correct answer.
campaña	campaign	noun	feminine	campañas		La campaña de reciclaje fue un éxito.	The recycling campaign was a success.
liberar	to free, liberate	verb			libero, liberas, libera, liberamos, liberáis, liberan	El gobierno liberó a los presos políticos.	The government released the political prisoners.
puerto	port, harbor	noun	masculine	puertos		El barco llegó al puerto.	The boat arrived at the port.
profundamente	profoundly, deeply	adverb				Él siempre piensa profundamente.	He always thinks deeply.
aventura	adventure	noun	femenino	aventuras		Mi aventura favorita fue cuando fui a la playa.	My favorite adventure was when I went to the beach.
pesado	heavy, boring, tiresome	adjective				El equipaje es muy pesado.	The luggage is very heavy.
complicado	complicated, complex	adjective				La situación es muy complicada.	The situation is very complicated.
añadir	to add	verb			añado, añades, añade, añadimos, añadís, añaden	Añadiré una nueva receta a mi libro de cocina.	I will add a new recipe to my cookbook.
marca	mark, brand, trademark	noun	feminine	marcas		La marca de la camisa es muy conocida.	The brand of the shirt is very well known.
girar	to rotate, revolve	verb			giro, gires, gira, giramos, giráis, giran	Giramos para encontrar una solución.	We turn to find a solution.
ilusión	illusion, hope, dream	noun	feminine	ilusiones		Tengo muchas ilusiones para el futuro.	I have many hopes for the future.
os	you (obj-pl/+fam)	pronoun			sois, sois, sois	Vosotros os divertís mucho.	You all have a lot of fun.
compra	shopping, buy, purchase	verb			compro, compras, compra, compramos, compráis, compran	Yo compro una camisa.	I buy a shirt.
inteligencia	intelligence	noun	fem	inteligencias		La inteligencia es una cualidad importante.	Intelligence is an important quality.
volar	to fly	verb			vuelo, vuelas, vuela, volamos, voláis, vuelan	Los pájaros vuelan en el cielo.	The birds fly in the sky.
loco	crazy, insane	adjective				Mi hermano es muy loco.	My brother is very crazy.
virtud	virtue, quality	noun	feminine	virtudes		La virtud es la base de la felicidad.	Virtue is the basis of happiness.
remedio	alternative, cure, solution	noun	masculine	remedios		Tomar un remedio es necesario para curar la enfermedad.	Taking a remedy is necessary to cure the illness.
delicado	delicate	adjective				El plato es muy delicado.	The dish is very delicate.
facilitar	to facilitate	verb			facilito, facilitas, facilita, facilitamos, facilitáis, facilitan	Los profesores facilitan el aprendizaje de los estudiantes.	The teachers facilitate the learning of the students.
territorio	territory	noun	masculine	territorios		El territorio es grande y hermoso.	The territory is big and beautiful.
facultad	faculty, ability	noun	feminine	facultades		La facultad ofrece muchos cursos interesantes.	The faculty offers many interesting courses.
solicitar	to solicit, request	verb			solicito, solicitas, solicita, solicitamos, solicitáis, solicitan	Solicité una cita con el médico.	I requested an appointment with the doctor.
fotografía	photograph	noun	feminine	fotografías		La fotografía de la boda fue hermosa.	The photograph of the wedding was beautiful.
techo	roof	noun	masculine	techos		El techo de la casa es muy alto.	The roof of the house is very high.
temer	to fear	verb			temo, temes, teme, tememos, teméis, temen	Todos temen el resultado de la prueba.	Everyone fears the result of the test.
conducta	conduct, behavior	noun	feminine	conductas		La conducta de mi hermano es muy buena.	My brother's behavior is very good.
violento	violent	adjective				Los niños son muy violentos.	The children are very violent.
aquél pron	one over there (m)	pronoun				Ese libro es aquél que me regalaste.	That book is the one you gave me as a gift.
salto	jump, hop, skip	verb			salta, saltas, salta, saltamos, saltáis, saltan	Él salta por la ventana.	He jumps through the window.
pan	bread	noun	masculine	panes		El pan es muy sabroso.	The bread is very tasty.
atacar	to attack	verb			ataco, atacas, ataca, atacamos, atacáis, atacan	Los soldados atacan el castillo.	The soldiers attack the castle.
sano	healthy, wholesome	adjective				El niño está sano.	The child is healthy.
pegar	to hit, stick (on)	verb			yo pego, tú pegas, él/ella pega, nosotros/as pegamos, vosotros/as pegáis, ellos/ellas pegan	Él pega la foto en la pared.	He sticks the photo on the wall.
juzgar	to judge	verb			yo juezgo, tú juezgas, él/ella/usted juezga, nosotros/as juzgamos, vosotros/as juzgáis, ellos/ellas/ustedes juezgan	Los jueces juzgaron el caso.	The judges judged the case.
limpio	clean	adjective				La habitación está limpia.	The room is clean.
disposición	disposal, disposition	noun	feminine	disposiciones		La disposición de la ley es clara.	The disposition of the law is clear.
posterior	rear, backside	adjective				El posterior paso es muy importante.	The next step is very important.
disciplina	discipline, subject	noun	feminine	disciplinas		La disciplina es importante para el éxito.	Discipline is important for success.
relacionado	related, regarding	adjective				Todo lo relacionado con la economía es importante.	Everything related to the economy is important.
habitual	usual, habitual, customary	adjective				Mi hermano tiene una rutina habitual.	My brother has a habitual routine.
personal	personnel, staff, staffing	noun	masculine	personales		El personal de la empresa es muy profesional.	The staff of the company is very professional.
interrumpir	to interrupt	verb			interrumpo, interrumpes, interrumpe, interrumpimos, interrumpís, interrumpen	Mi hermano interrumpió la conversación.	My brother interrupted the conversation.
columna	column, spine	noun	femenino	columnas		La columna se ve muy alta.	The column looks very tall.
verdaderamente	truly	adverb				Verdaderamente, estoy muy contento.	Truly, I am very happy.
fabricar	to manufacture	verb			fabrico, fabricas, fabrica, fabricamos, fabricáis, fabrican	Los niños fabrican juguetes con materiales reciclados.	The children make toys with recycled materials.
únicamente	only	adverb				Sólo uso únicamente productos naturales.	Only use natural products.
nervioso	nervous, uptight	adjective				Estoy muy nervioso antes de la entrevista.	I'm very nervous before the interview.
indio	Indian	adjective				Los indios son muy inteligentes.	Indians are very intelligent.
gato	cat	noun	masculine	gatos		El gato está durmiendo.	The cat is sleeping.
margen	edge, margin, border, brink	noun	masculine	margenes		El margen del río era muy ancho.	The margin of the river was very wide.
material	material	noun	masculine	materiales		El material es muy importante para la construcción.	The material is very important for the construction.
resistencia	resistance, opposition	noun	feminine	resistencias		La resistencia al cambio es una característica común.	The resistance to change is a common characteristic.
consciente	conscious, aware	adjective				El niño es consciente de sus responsabilidades.	The child is aware of his responsibilities.
pérdida	loss	noun	feminine	pérdidas		La pérdida de la llave fue una desgracia.	The loss of the key was a misfortune.
tratamiento	treatment, processing	noun	masculine	tratamientos		El tratamiento es muy importante para la salud.	The treatment is very important for health.
entrevista	interview, meeting	noun	feminine	entrevistas		La entrevista fue muy interesante.	The interview was very interesting.
espectáculo	spectacle, show	noun	masculine	espectáculos		El espectáculo fue muy divertido.	The show was very fun.
personalidad	personality, celebrity	noun	feminine	personalidades		La personalidad de cada persona es única.	The personality of each person is unique.
mayo	May	noun	masculine	mayos		En mayo, el clima es cálido.	In May, the weather is warm.
confiar	to trust, confide	verb			confío, confías, confía, confiamos, confiáis, confían	Confío en mi amigo.	I trust my friend.
operar	to operate	verb			opero, operas, opera, operamos, operáis, operan	Los médicos operan a los pacientes.	The doctors operate on the patients.
representación	representation	noun	feminine	representaciones		La representación de la compañía fue muy buena.	The company's performance was very good.
régimen	regime, diet	noun	masculine	regímenes		El régimen es muy estricto.	The regime is very strict.
punta	tip, point	noun	feminine	puntas		La punta de la montaña es muy alta.	The peak of the mountain is very high.
vital	vital, lively, essential	adjective				Es vital para la salud.	It is vital for health.
alegría	joy, happiness	noun	feminine	alegrías		La alegría de la familia era contagiosa.	The family's joy was contagious.
basar	to base on, base upon	verb			baso, basas, basa, basamos, basáis, basan	Vamos a basar nuestra decisión en la evidencia.	We are going to base our decision on the evidence.
igualmente	equally	adverb				Igualmente, te deseo un buen día.	Likewise, I wish you a good day.
misión	mission, task	noun	femenine	misiones		La misión de la empresa es ofrecer un servicio de calidad.	The mission of the company is to offer a quality service.
estimar	to estimate, hold in esteem	verb			estimo, estimas, estima, estimamos, estimáis, estiman	Yo estimo la belleza de la naturaleza.	I appreciate the beauty of nature.
cotidiano	daily	adjective				La vida cotidiana es muy aburrida.	Daily life is very boring.
confirmar	to confirm	verb			confirmo, confirmas, confirma, confirmamos, confirmáis, confirman	Confirmamos la reunión para el lunes.	We confirm the meeting for Monday.
empleo	work, job, occupation	noun	masculine	empleos		El empleo es una prioridad para muchos jóvenes.	The job is a priority for many young people.
previo	previous	adjective				El proceso previo fue muy importante.	The previous process was very important.
participación	participation, involvement	noun	feminine	participaciones		Los estudiantes participan en la clase con entusiasmo.	The students participate in the class with enthusiasm.
integrar	to integrate, fit in	verb			integraré, integrarás, integrará, integraremos, integraréis, integrarán	Los alumnos deben integrar los conocimientos adquiridos.	The students must integrate the knowledge acquired.
período	period, time	noun	masculine	periodos		El período de clases comienza el lunes.	The class period starts on Monday.
busca	search, hunt	verb			busca, buscas, busca, buscamos, buscáis, buscan	Busca una solución.	Search for a solution.
superficie	surface, area	noun	feminine	superficies		La superficie de la mesa es lisa.	The surface of the table is smooth.
aprobar	to pass (test), approve	verb			yo aprobo, tú apruebas, él/ella aproba, nosotros/as aprobamos, vosotros/as aprobáis, ellos/ellas aprueban	Mis amigos aprobaron el examen.	My friends passed the exam.
chino	Chinese	adjective				Los pantalones chinos son muy cómodos.	Chinese pants are very comfortable.
pasión	passion, desire	noun	feminine	pasiones		La pasión es una fuerza motivadora.	Passion is a motivating force.
vehículo	vehicle, car	noun	masculine	vehículos		El vehículo está aparcado en la calle.	The vehicle is parked on the street.
inteligente	intelligent	adjective				Ella es muy inteligente.	She is very intelligent.
grabar	to record, engrave	verb			grabo, grabas, graba, grabamos, grabáis, graban	Yo grabo la película.	I record the movie.
enero	January	noun	masculine	eneros		Enero es el primer mes del año.	January is the first month of the year.
capítulo	chapter	noun	masculine	capítulos		Los capítulos de este libro son interesantes.	The chapters of this book are interesting.
fracaso	failure, collapse	noun	masculine	fracasos		El fracaso de la empresa fue una sorpresa para todos.	The failure of the company was a surprise for everyone.
experto	expert	adjective				Ella es una experta en la materia.	She is an expert in the subject.
inquietud	restlessness, anxiety	noun	feminine	inquietudes		La inquietud de la madre era evidente.	The mother's anxiety was evident.
nuevamente	anew, again	adverb				Vamos a intentarlo nuevamente.	Let's try again.
once	eleven	adjective				Tengo once años.	I am eleven years old.
listo	ready, clever, smart	adjective				Estoy listo para comenzar.	I am ready to start.
equivocar	to be wrong	verb			me equivoco, te equivocas, se equivoca	No me equivoqué al escribir mi nombre.	I didn't make a mistake when writing my name.
organismo	organization, organism, (human) body	noun	masculine	organismos		Los organismos vivos tienen una estructura compleja.	Living organisms have a complex structure.
canción	song	noun	feminine	canciones		La canción que escuchamos es muy bonita.	The song we heard is very beautiful.
religión	religion	noun	feminine	religiones		La religión es una parte importante de la vida de muchas personas.	Religion is an important part of many people's lives.
correspondiente	corresponding	adjective				El informe correspondiente está listo.	The corresponding report is ready.
departamento	department, apartment	noun	masculine	departamentos		El departamento es muy grande.	The apartment is very big.
generalmente	generally, usually	adverb				Generalmente salgo a caminar por la tarde.	I usually go for a walk in the afternoon.
periodista	journalist	noun	masculine	periodistas		Los periodistas informan sobre los acontecimientos.	Journalists report on the events.
seguido	in a row, successive	adverb				Siempre voy al parque seguido.	I always go to the park often.
llorar	to cry	verb			lloro, lloras, llora, lloramos, lloráis, lloran	Él llora cuando ve una película triste.	He cries when he sees a sad movie.
griego	Greek	adjective				Este libro está escrito en griego.	This book is written in Greek.
interpretación	interpretation, interpreting	noun	feminine	interpretaciones		La interpretación de la obra fue muy buena.	The interpretation of the work was very good.
maestro	master	noun	masculine	maestros		El maestro enseña a sus alumnos.	The teacher teaches his students.
barato	inexpensive	adjective				El vestido es muy barato.	The dress is very cheap.
proyectar	to project	verb			proyecto, proyectas, proyecta, proyectamos, proyectáis, proyectan	Ella proyecta una película.	She projects a movie.
belleza	beauty	noun	feminine	bellezas		La belleza es una cualidad que todos admiran.	Beauty is a quality that everyone admires.
universidad	university, college	noun	feminine	universidades		La universidad ofrece muchos cursos interesantes.	The university offers many interesting courses.
riqueza	riches, wealth	noun	feminine	ricquezas		La riqueza es una bendición.	Wealth is a blessing.
notable	outstanding, noteworthy	adjective				Este libro es notable.	This book is remarkable.
beber	to drink	verb			bebo, bebes, bebe, bebemos, bebéis, beben	Él bebe una cerveza.	He drinks a beer.
claramente	clearly	adverb				Ella habla claramente.	She speaks clearly.
rato	moment, while, time	adverb				Voy a estar aquí por un rato.	I'm going to be here for a while.
encargado	in charge of	adjective				El encargado de la tienda es muy amable.	The store manager is very friendly.
técnico	technical	adjective				Nuestro equipo técnico es muy profesional.	Our technical team is very professional.
ciego	blind	adjective				El ciego no puede ver.	The blind person cannot see.
individual	individual	adjective				Cada individuo tiene su propia personalidad.	Each individual has their own personality.
apreciar	to appreciate	verb			aprecio, aprecias, aprecia, apreciamos, apreciáis, aprecian	Aprecio mucho tu ayuda.	I really appreciate your help.
experimentar	to experience, experiment	verb			experimento, experimentas, experimenta, experimentamos, experimentáis, experimentan	Ella experimenta la aventura.	She experiences the adventure.
justamente	just, exactly	adverb				Justamente, llegué a tiempo.	I arrived just in time.
amar	to love	verb			amo, amas, ama, amamos, amáis, aman	Él ama a su esposa.	He loves his wife.
equilibrio	balance	noun	masculine	equilibrios		El equilibrio es importante para la salud.	The balance is important for health.
universal	universal	adjective				La educación universal es un derecho humano.	Universal education is a human right.
ah	oh	interjection				¡Ah!	Ah!
fruto	fruit, result	noun	masculine	frutos		El árbol da frutos cada año.	The tree gives fruits every year.
representante	representative	noun	masculine	representantes		El representante de la empresa habló con los empleados.	The representative of the company spoke with the employees.
robar	to rob, steal	verb			robo, robas, roba, robamos, robáis, roban	No robaré jamás.	I will never steal.
reír	to laugh (at)	verb			yo reí, tú reíste, él/ella/usted reía, nosotros/as reímos, vosotros/as reísteis, ellos/ellas/ustedes reían	Mis amigos se reían de mi broma.	My friends were laughing at my joke.
literario	literary	adjective				Este libro es muy literario.	This book is very literary.
exceso	excess	noun	masculine	excesos		El exceso de trabajo me agota.	The excess of work exhausts me.
capa	layer, coat	noun	feminine	capas		La capa de nubes cubre el cielo.	The layer of clouds covers the sky.
defecto	defect	adjective				El defecto de la computadora es muy grande.	The defect of the computer is very big.
fábrica	factory, manufacture	noun	feminine	fábricas		La fábrica produce muchos productos.	The factory produces many products.
espalda	back (body)	noun	feminine	espaldas		La espalda de mi hermano duele mucho.	My brother's back hurts a lot.
mezclar	to mix	verb			mezclo, mezclas, mezcla, mezclamos, mezcláis, mezclan	Mezclamos la harina con el agua.	We mix the flour with the water.
género	sort, gender, genre	noun	masculine	géneros		Los géneros literarios son muy variados.	Literary genres are very varied.
continuo	continuous	adjective				El proceso continuo sin interrupción.	The process continued without interruption.
distribuir	to distribute, deliver	verb			distribuyo, distribuyes, distribuye, distribuimos, distribuís, distribuyen	Los empleados distribuyen los productos a los clientes.	The employees distribute the products to the customers.
economía	economy, economics, thriftiness	noun	feminine	economías		La economía española está mejorando.	The Spanish economy is improving.
apartar	to move away, separate	verb			aparto, apartas, aparta, apartamos, apartáis, apartan	Él aparta la mesa de la pared.	He moves the table away from the wall.
	undefined	preposition				No hay nada mejor que un abrazo.	There is nothing better than a hug.